{"cameraMode":{"drawMode":0,"name":"Shaded","section":"Shading Mode"},"sceneLighting":false,"audioPlay":false,"sceneViewState":{"showFog":true,"showMaterialUpdate":false,"showSkybox":false,"showFlares":true,"showImageEffects":true,"showParticleSystems":true,"showVisualEffectGraphs":true,"m_FxEnabled":true},"in2DMode":false,"pivot":{"x":1.6514720916748047,"y":0.21092325448989869,"z":0.06838643550872803},"rotation":{"x":-0.2395085096359253,"y":-0.14872623980045319,"z":0.03715372458100319,"w":-0.9587231874465942},"size":0.8660253882408142,"orthographic":false}