{"cameraMode":{"drawMode":0,"name":"Shaded","section":"Shading Mode"},"sceneLighting":true,"audioPlay":false,"sceneViewState":{"showFog":true,"showMaterialUpdate":false,"showSkybox":true,"showFlares":true,"showImageEffects":true,"showParticleSystems":true,"showVisualEffectGraphs":true,"m_FxEnabled":true},"in2DMode":false,"pivot":{"x":490.5974426269531,"y":336.14349365234377,"z":-0.56011962890625},"rotation":{"x":-0.04978170990943909,"y":-0.015883341431617738,"z":0.0007930743740871549,"w":-0.9986208081245422},"size":303.3370361328125,"orthographic":false}