{"cameraMode":{"drawMode":0,"name":"Shaded","section":"Shading Mode"},"sceneLighting":false,"audioPlay":false,"sceneViewState":{"showFog":true,"showMaterialUpdate":false,"showSkybox":false,"showFlares":true,"showImageEffects":true,"showParticleSystems":true,"showVisualEffectGraphs":true,"m_FxEnabled":true},"in2DMode":false,"pivot":{"x":1.4116979837417603,"y":1.0891684293746949,"z":-2.1012463569641115},"rotation":{"x":-0.2306036502122879,"y":-0.030064525082707406,"z":0.007127529010176659,"w":-0.9725651741027832},"size":0.08660245686769486,"orthographic":false}